{
  "result": {
    "Good Karma": {
      "heading": 174,
      "rank": 1,
      "sail": "Good Karma",
      "timestamp": 1489208400,
      "lat_dec": 46.502272,
      "lon_dec": -1.790226,
      "1hour_heading": 0,
      "1hour_speed": 0,
      "1hour_vmg": 0,
      "1hour_distance": 0,
      "lastreport_heading": 0,
      "lastreport_speed": 0,
      "lastreport_vmg": 0,
      "lastreport_distance": 0,
      "24hour_heading": 0,
      "24hour_speed": 0,
      "24hour_vmg": 0,
      "24hour_distance": 0,
      "dtf": 0,
      "dtl": 0,
      "dtp": 0,
      "darksky_twd": "-",
      "darksky_tws": "-",
      "darksky_air": "-",
      "finished": "true",
      "total_time": "74d 03h 35min 46s",
      "track": [
[ 40.419635 , -74.031951 ],
[ 40.471843 , -74.037868 ],
[ 40.492545 , -74.011625 ],
[ 40.049265 , -73.292305 ],
[ 39.820976 , -72.918191 ],
[ 38.433941 , -71.47911  ],
[ 38.433941 , -71.47911  ],
[ 38.433941 , -71.47911  ],
[ 38.433941 , -71.47911  ],
[ 38.433941 , -71.47911  ],
[ 38.433941 , -71.47911  ],
[ 36.959241 , -69.908201 ],
[ 36.959241 , -69.908201 ],
[ 36.959241 , -69.908201 ],
[ 36.959241 , -69.908201 ],
[ 36.639028 , -69.324375 ],
[ 35.10532  , -67.62188  ],
[ 35.10532  , -67.62188  ],
[ 34.017555 , -66.387591 ],
[ 32.697748 , -64.863281 ],
[ 32.394058 , -64.668638 ],
[ 32.290853 , -64.788328 ],
[ 32.38055  , -64.648833 ],
[ 32.38055  , -64.648833 ],
[ 32.38055  , -64.648833 ],
[ 32.647945 , -63.988838 ],
[ 32.647945 , -63.988838 ]
      ]
    }
  }
}
