{
  "result": {
    "Good Karma": {
      "heading": 67.5,
      "track": [
[ 40.419635 , -74.031951 ],
[ 40.471843 , -74.037868 ],
[ 40.492545 , -74.011625 ],
[ 40.049265 , -73.292305 ],
[ 39.820976 , -72.918191 ],
[ 38.433941 , -71.47911  ],
[ 36.959241 , -69.908201 ],
[ 36.639028 , -69.324375 ],
[ 35.10532  , -67.62188  ],
[ 34.017555 , -66.387591 ],
[ 32.697748 , -64.863281 ],
[ 32.394058 , -64.668638 ],
[ 32.318856 , -64.826701 ],
[ 32.309138 , -64.831518 ],
[ 32.295264 , -64.82072  ],
[ 32.287745 , -64.790653 ],
[ 32.290853 , -64.788328 ],
[ 32.287745 , -64.790653 ],
[ 32.295264 , -64.82072  ],
[ 32.309138 , -64.831518 ],
[ 32.318856 , -64.826701 ],
[ 32.395938 , -64.674234 ],
[ 32.38055  , -64.648833 ],
[ 32.647945 , -63.988838 ],
[ 34.258804 , -60.187933 ],
[ 34.575273 , -59.481181 ],
[ 35.534001 , -57.514821 ],
[ 36.33124  , -55.204453 ]
      ]
    }
  }
}
